<?xml version="1.0" encoding="UTF-8" ?>
<!-- Generated by Oracle SOA Modeler version 1.0 at [12/1/16 1:00 PM]. -->
<composite name="PE_Item_HYBRIS_Enqueue_v1_0_SCA"
           revision="1.0"
           label="2016-12-01_13-00-00_521"
           mode="active"
           state="on"
           xmlns="http://xmlns.oracle.com/sca/1.0"
           xmlns:xs="http://www.w3.org/2001/XMLSchema"
           xmlns:wsp="http://schemas.xmlsoap.org/ws/2004/09/policy"
           xmlns:orawsp="http://schemas.oracle.com/ws/2006/01/policy"
           xmlns:ui="http://xmlns.oracle.com/soa/designer/">
  <import namespace="http://xmlns.oracle.com/Parking_lot/PE_Item_HYBRIS_Enqueue_v1_0_SCA/PE_Item_HYBRIS_Enqueue_v1_0_SCA"
          location="PE_Item_HYBRIS_Enqueue_v1_0_SCA.wsdl" importType="wsdl"/>
  <import namespace="http://xmlns.oracle.com/pcbpel/adapter/db/Parking_lot/PE_Item_HYBRIS_Enqueue_v1_0_SCA/Reference_Insert_JCA_Internal_JDBC"
          location="Reference_Insert_JCA_Internal_JDBC.wsdl" importType="wsdl"/>
  <import namespace="http://schemas.oracle.com/events/edl/Item_EBS_Event_v1_0"
          location="oramds:/apps/gehc/EBS/Item/Item_EBS_Event_v1_0.edl"
          importType="edl"/>
  <component name="PE_Item_HYBRIS_Enqueue_v1_0_SCA" version="2.0">
    <implementation.bpel src="PE_Item_HYBRIS_Enqueue_v1_0_SCA.bpel"/>
    <property name="bpel.config.transaction" type="xs:string" many="false">required</property>
    <property name="bpel.config.oneWayDeliveryPolicy" type="xs:string"
              many="false">sync</property>
    <business-events>
      <subscribe xmlns:sub1="http://schemas.oracle.com/events/edl/Item_EBS_Event_v1_0"
                 name="sub1:Item_EBS_Event_v1_0" consistency="oneAndOnlyOne">
        <filter>
          <xpath xmlns:ns0="http://xmlns.oracle.com/EnterpriseObjects/Core/EBO/Item/V2"
                 xmlns:corecom="http://xmlns.oracle.com/EnterpriseObjects/Core/Common/V2"
                 xmlns:be="http://oracle.com/fabric/businessEvent"
                 expression="/be:business-event/be:content/ns0:SyncItemListEBM/corecom:EBMHeader/corecom:Sender/corecom:Application/corecom:ID/@schemeID = 'MAGIC'"/>
        </filter>
      </subscribe>
    </business-events>
  </component>
  <reference name="Reference_Insert_JCA_Internal_JDBC"
             ui:wsdlLocation="Reference_Insert_JCA_Internal_JDBC.wsdl">
    <interface.wsdl interface="http://xmlns.oracle.com/pcbpel/adapter/db/Parking_lot/PE_Item_HYBRIS_Enqueue_v1_0_SCA/Reference_Insert_JCA_Internal_JDBC#wsdl.interface(Reference_Insert_JCA_Internal_JDBC_ptt)"/>
    <binding.jca config="Reference_Insert_JCA_Internal_JDBC_db.jca"/>
    <property name="jca.retry.count" type="xs:int" many="false" override="may">4</property>
    <property name="jca.retry.interval" type="xs:int" many="false"
              override="may">1</property>
    <property name="jca.retry.backoff" type="xs:int" many="false"
              override="may">2</property>
    <property name="jca.retry.maxInterval" type="xs:string" many="false"
              override="may">120</property>
  </reference>
  <wire>
    <source.uri>PE_Item_HYBRIS_Enqueue_v1_0_SCA/Reference_Insert_JCA_Internal_JDBC</source.uri>
    <target.uri>Reference_Insert_JCA_Internal_JDBC</target.uri>
  </wire>
</composite>
