<?xml version='1.0' encoding='UTF-8'?>
<faultPolicies xmlns="http://schemas.oracle.com/bpel/faultpolicy" xmlns:xsi="http://www.w3.org/2001/XMLSchema-instance">
   <faultPolicy version="0.0.1" id="GEHCGenericFaults" xmlns:env="http://schemas.xmlsoap.org/soap/envelope/" 
   xmlns:xs="http://www.w3.org/2001/XMLSchema" xmlns="http://schemas.oracle.com/bpel/faultpolicy" 
   xmlns:xsi="http://www.w3.org/2001/XMLSchema-instance">
      <Conditions>
         <faultName xmlns:medns="http://schemas.oracle.com/mediator/faults" name="medns:mediatorFault">
            <condition>
               <action ref="gehc-terminate-java"/>
            </condition>
         </faultName>
         <faultName xmlns:bpelx="http://schemas.oracle.com/bpel/extension" name="bpelx:bindingFault">
            <condition>
               <action ref="gehc-terminate-java"/>
            </condition>
         </faultName>
         <faultName xmlns:bpelx="http://schemas.oracle.com/bpel/extension" name="bpelx:remoteFault">
            <condition>
               <action ref="gehc-rethrow-java"/>
            </condition>
         </faultName>
         <faultName xmlns:bpelx="http://schemas.oracle.com/bpel/extension" name="bpelx:runtimeFault">
            <condition>
               <action ref="gehc-terminate-java"/>
            </condition>
         </faultName>
         <faultName xmlns:bpws="http://schemas.xmlsoap.org/ws/2003/03/business-process/" name="bpws:selectionFailure">
            <condition>
               <action ref="gehc-terminate-java"/>
            </condition>
         </faultName>
      </Conditions>
      <Actions>
         <Action id="default-terminate">
            <abort/>
         </Action>
         <Action id="default-replay-scope">
            <replayScope/>
         </Action>
         <Action id="default-rethrow-fault">
            <rethrowFault/>
         </Action>
         <Action id="default-human-intervention">
            <humanIntervention/>
         </Action>
         <Action id="gehc-rethrow-java">
            <javaAction className="com.ge.healthcare.sca.errorhandling.GEHCCompositeErrorAction" defaultAction="default-rethrow-fault" propertySet="error_notification_properties">
               <returnValue value="MANUAL" ref="default-rethrow-fault"/>
            </javaAction>
         </Action>
         <Action id="gehc-terminate-java">
            <javaAction className="com.ge.healthcare.sca.errorhandling.GEHCCompositeErrorAction" defaultAction="default-terminate" propertySet="error_notification_properties">
               <returnValue value="MANUAL" ref="default-terminate"/>
            </javaAction>
         </Action>
      </Actions>
      <Properties>
         <propertySet name="error_notification_properties">
            <property name="url">t3://localhost:7020/</property>
            <property name="connectionFactory">jms/GEHC/OSB/UtilityCF</property>
            <property name="notificationMessageQueue">jms/GEHC/OSB/ErrorNotification/SystemFaultDQ</property>
            <property name="routing_code">ENQ_Item_HYBRIS_ERR</property>
            <property name="substitution_field_1">PE_Item_HYBRIS_Enqueue_v1_0_SCA</property>
            <property name="substitution_field_2">SCA</property>
            <property name="substitution_field_3">PE_Item_HYBRIS_Enqueue_v1_0_SCA</property>
         </propertySet>
      </Properties>
   </faultPolicy>
</faultPolicies>
