<?xml version="1.0" encoding="UTF-8"?>
<actions xmlns="http://xmlns.oracle.com/bpel/sensor">
    <action name="JMSSensorAction_PE_Item_HYBRIS_Enqueue_v1_0_SCA" enabled="true" publishType="JMSQueue" publishTarget="jms/GEHC/SOA/ServiceAudit/EventDQ">
        <sensorName>PE_Item_HYBRIS_Enqueue_v1_0_SCA</sensorName>
        <property name="JMSConnectionFactory">jms/GEHC/SOA/UtilityCF</property>
    </action>
    <action name="DBSensorAction" enabled="true" publishType="BpelReportsSchema" publishName="" filter="" publishTarget="">
        <sensorName>PE_Item_HYBRIS_Enqueue_v1_0_SCA</sensorName>
    </action>
</actions>